[
  {
    "id": 1,
    "title": "Free Delivery",
    "image": "http://s3.amazonaws.com/redqteam.com/pickbazar/gift-card-1.png",
    "code": "RAMADAN15",
    "discountInPercent": 15,
    "number_of_coupon": 20,
    "number_of_used_coupon": 10,
    "products": [
      {
        "id": "1",
        "url": ""
      }
    ],
    "status": "active",
    "expiration_date": "2020-07-20T15:05:02.819Z",
    "creation_date": "2020-07-20T15:05:02.819Z"
  },
  {
    "id": 2,
    "title": "Free Delivery",
    "image": "http://s3.amazonaws.com/redqteam.com/pickbazar/gift-card-2.png",
    "code": "RAMADAN20",
    "discountInPercent": 20,
    "number_of_coupon": 20,
    "number_of_used_coupon": 10,
    "products": [
      {
        "id": "1",
        "url": ""
      }
    ],
    "status": "revoked",
    "expiration_date": "2020-07-20T15:05:02.819Z",
    "creation_date": "2020-07-20T15:05:02.819Z"
  },
  {
    "id": 3,
    "title": "cyber Monday Sale",
    "code": "CYBERMONDAY10",
    "image": "http://s3.amazonaws.com/redqteam.com/pickbazar/gift-card-1.png",
    "discountInPercent": 10,
    "number_of_coupon": 20,
    "number_of_used_coupon": 10,
    "products": [
      {
        "id": "1",
        "url": ""
      }
    ],
    "status": "active",
    "expiration_date": "2020-07-20T15:05:02.819Z",
    "creation_date": "2020-07-20T15:05:02.819Z"
  },
  {
    "id": 4,
    "title": "Boxing Day Sale",
    "code": "DISCOUNT10",
    "image": "http://s3.amazonaws.com/redqteam.com/pickbazar/gift-card-2.png",
    "discountInPercent": 10,
    "number_of_coupon": 10,
    "number_of_used_coupon": 5,
    "products": [
      {
        "id": "1",
        "url": ""
      }
    ],
    "status": "active",
    "expiration_date": "2020-07-20T15:05:02.819Z",
    "creation_date": "2020-07-20T15:05:02.819Z"
  },

  {
    "id": 5,
    "title": "Summer Discount",
    "code": "SUMMER10",
    "image": "http://s3.amazonaws.com/redqteam.com/pickbazar/gift-card-2.png",
    "discountInPercent": 10,
    "number_of_coupon": 10,
    "number_of_used_coupon": 5,
    "products": [
      {
        "id": "1",
        "url": ""
      }
    ],
    "status": "active",
    "expiration_date": "2020-07-20T15:05:02.819Z",
    "creation_date": "2020-07-20T15:05:02.819Z"
  },
  {
    "id": 6,
    "title": "Winter Discount",
    "code": "WINTER10",
    "image": "http://s3.amazonaws.com/redqteam.com/pickbazar/gift-card-1.png",
    "discountInPercent": 10,
    "number_of_coupon": 10,
    "number_of_used_coupon": 15,
    "products": [
      {
        "id": "1",
        "url": ""
      }
    ],
    "status": "active",
    "expiration_date": "2020-07-20T15:05:02.819Z",
    "creation_date": "2020-07-20T15:05:02.819Z"
  },
  {
    "id": 7,
    "title": "Autumn Discount",
    "code": "1AUTUMN10",
    "image": "http://s3.amazonaws.com/redqteam.com/pickbazar/gift-card-2.png",
    "discountInPercent": 10,
    "number_of_coupon": 10,
    "number_of_used_coupon": 15,
    "products": [
      {
        "id": "1",
        "url": ""
      }
    ],
    "status": "active",
    "expiration_date": "2020-07-20T15:05:02.819Z",
    "creation_date": "2020-07-20T15:05:02.819Z"
  },

  {
    "id": 8,
    "title": "Winter Discount",
    "code": "WINTER10",
    "image": "http://s3.amazonaws.com/redqteam.com/pickbazar/gift-card-1.png",
    "discountInPercent": 10,
    "number_of_coupon": 10,
    "number_of_used_coupon": 15,
    "products": [
      {
        "id": "1",
        "url": ""
      }
    ],
    "status": "active",
    "expiration_date": "2020-07-20T15:05:02.819Z",
    "creation_date": "2020-07-20T15:05:02.819Z"
  },

  {
    "id": 9,
    "title": "Winter Sale",
    "code": "WINTER15",
    "image": "http://s3.amazonaws.com/redqteam.com/pickbazar/gift-card-1.png",
    "discountInPercent": 15,
    "number_of_coupon": 10,
    "number_of_used_coupon": 15,
    "products": [
      {
        "id": "1",
        "url": ""
      }
    ],
    "status": "active",
    "expiration_date": "2020-07-20T15:05:02.819Z",
    "creation_date": "2020-07-20T15:05:02.819Z"
  },
  {
    "id": 10,
    "title": "Halloween Sale",
    "code": "HALLOWEEN20",
    "image": "http://s3.amazonaws.com/redqteam.com/pickbazar/gift-card-1.png",
    "discountInPercent": 20,
    "number_of_coupon": 10,
    "number_of_used_coupon": 15,
    "products": [
      {
        "id": "1",
        "url": ""
      }
    ],
    "status": "active",
    "expiration_date": "2020-07-20T15:05:02.819Z",
    "creation_date": "2020-07-20T15:05:02.819Z"
  }
]
