{
  "id": 1,
  "name": "Jhon Doe Smith",
  "email": "jhondDoe@demo.com",
  "address": [
    {
      "id": "12312",
      "type": "primary",
      "name": "Home",
      "info": "27 Street, 2569 Heritage Road Visalia, CA 93291"
    },
    {
      "id": "23423",
      "type": "secondary",
      "name": "Office",
      "info": "33 Baker Street, Crescent Road, CA 65746"
    }
  ],
  "contact": [
    {
      "id": "88234",
      "type": "primary",
      "number": "202-555-0191"
    },
    {
      "id": "23439",
      "type": "secondary",
      "number": "202-555-0701"
    }
  ],
  "card": [
    {
      "id": "179012",
      "type": "primary",
      "cardType": "paypal",
      "name": "Jhon Doe Smith",
      "lastFourDigit": 2349
    },
    {
      "id": "987234",
      "type": "secondary",
      "cardType": "master",
      "name": "Jhon Doe Smith",
      "lastFourDigit": 8724
    },
    {
      "id": "424987",
      "type": "secondary",
      "cardType": "visa",
      "name": "Jhon Doe Smith",
      "lastFourDigit": 4535
    },
    {
      "id": "455599",
      "type": "secondary",
      "cardType": "visa",
      "name": "Jhon Doe Smith",
      "lastFourDigit": 4585
    }
  ]
}
